<?xml version="1.0" encoding="UTF-8"?>
<!DOCTYPE log4j:configuration SYSTEM "log4j.dtd">
<log4j:configuration xmlns:log4j="http://jakarta.apache.org/log4j/">

    <appender name="console" class="org.apache.log4j.ConsoleAppender">
        <layout class="org.apache.log4j.PatternLayout">
            <param name="ConversionPattern" value="%d [%t] %-5p %l - %m%n"/>
        </layout>
    </appender>

    <appender name="logfile" class="org.apache.log4j.RollingFileAppender">
        <param name="file" value="log/aplication.log" />
        <param name="MaxFileSize" value="2MB"/>
        <param name="MaxBackupIndex" value="3"/>
        <layout class="org.apache.log4j.PatternLayout">
            <param name="ConversionPattern" value="%d [%t] %-5p %l - %m%n"/>
        </layout>
    </appender>


    <logger name="fm.flickr.api.wrapper" additivity="true">
        <level value="INFO"/>
    </logger>
    <logger name="fm.flickr.api.wrapper.service.FlickrUtil" additivity="true">
        <level value="INFO"/>
    </logger>
    
    <logger name="fm.flickr.stat" additivity="true">
        <level value="INFO"/>
    </logger>

    <root>
        <level value="WARN"/>
        <appender-ref ref="console" />
        <!-- <appender-ref ref="logfile"/> -->
    </root>

</log4j:configuration>
